{
 "creation": "2020-03-06 21:35:58.455911",
 "doctype": "DocType",
 "editable_grid": 1,
 "engine": "InnoDB",
 "field_order": [
  "item_group"
 ],
 "fields": [
  {
   "fieldname": "item_group",
   "fieldtype": "Link",
   "in_list_view": 1,
   "label": "Item Group",
   "options": "Item Group"
  }
 ],
 "istable": 1,
 "modified": "2020-03-06 22:14:46.135224",
 "modified_by": "Administrator",
 "module": "Property Management Solution",
 "name": "MultiSelect Item Group",
 "owner": "Administrator",
 "permissions": [],
 "quick_entry": 1,
 "sort_field": "modified",
 "sort_order": "DESC",
 "track_changes": 1
}