{
    "allow_copy": 0,
    "allow_events_in_timeline": 0,
    "allow_guest_to_view": 0,
    "allow_import": 0,
    "allow_rename": 0,
    "autoname": "format:unit_number-{##}",
    "beta": 0,
    "creation": "2018-04-18 23:21:16.452013",
    "custom": 0,
    "docstatus": 0,
    "doctype": "DocType",
    "document_type": "Setup",
    "editable_grid": 1,
    "engine": "InnoDB",
    "fields": [
        {
            "allow_bulk_edit": 0,
            "allow_in_quick_entry": 0,
            "allow_on_submit": 0,
            "bold": 0,
            "collapsible": 0,
            "columns": 0,
            "fieldname": "unit_number",
            "fieldtype": "Data",
            "hidden": 0,
            "ignore_user_permissions": 0,
            "ignore_xss_filter": 0,
            "in_filter": 0,
            "in_global_search": 0,
            "in_list_view": 1,
            "in_standard_filter": 0,
            "label": "Unit Number",
            "length": 0,
            "no_copy": 0,
            "permlevel": 0,
            "precision": "",
            "print_hide": 0,
            "print_hide_if_no_value": 0,
            "read_only": 0,
            "remember_last_selected_value": 0,
            "report_hide": 0,
            "reqd": 0,
            "search_index": 0,
            "set_only_once": 0,
            "translatable": 0,
            "unique": 0
        },
        {
            "allow_bulk_edit": 0,
            "allow_in_quick_entry": 0,
            "allow_on_submit": 0,
            "bold": 0,
            "collapsible": 0,
            "columns": 0,
            "fieldname": "name1",
            "fieldtype": "Data",
            "hidden": 0,
            "ignore_user_permissions": 0,
            "ignore_xss_filter": 0,
            "in_filter": 1,
            "in_global_search": 1,
            "in_list_view": 1,
            "in_standard_filter": 1,
            "label": "Name",
            "length": 0,
            "no_copy": 0,
            "permlevel": 0,
            "precision": "",
            "print_hide": 0,
            "print_hide_if_no_value": 0,
            "read_only": 0,
            "remember_last_selected_value": 0,
            "report_hide": 0,
            "reqd": 0,
            "search_index": 0,
            "set_only_once": 0,
            "translatable": 0,
            "unique": 0
        },
        {
            "allow_bulk_edit": 0,
            "allow_in_quick_entry": 0,
            "allow_on_submit": 0,
            "bold": 0,
            "collapsible": 0,
            "columns": 0,
            "fieldname": "photo",
            "fieldtype": "Attach Image",
            "hidden": 0,
            "ignore_user_permissions": 0,
            "ignore_xss_filter": 0,
            "in_filter": 0,
            "in_global_search": 0,
            "in_list_view": 0,
            "in_standard_filter": 0,
            "label": "Photo",
            "length": 0,
            "no_copy": 0,
            "permlevel": 0,
            "precision": "",
            "print_hide": 0,
            "print_hide_if_no_value": 0,
            "read_only": 0,
            "remember_last_selected_value": 0,
            "report_hide": 0,
            "reqd": 0,
            "search_index": 0,
            "set_only_once": 0,
            "translatable": 0,
            "unique": 0
        },
        {
            "allow_bulk_edit": 0,
            "allow_in_quick_entry": 0,
            "allow_on_submit": 0,
            "bold": 0,
            "collapsible": 0,
            "columns": 0,
            "fieldname": "unit_owner",
            "fieldtype": "Link",
            "hidden": 0,
            "ignore_user_permissions": 0,
            "ignore_xss_filter": 0,
            "in_filter": 0,
            "in_global_search": 0,
            "in_list_view": 0,
            "in_standard_filter": 0,
            "label": "Unit Owner",
            "length": 0,
            "no_copy": 0,
            "options": "Contact",
            "permlevel": 0,
            "precision": "",
            "print_hide": 0,
            "print_hide_if_no_value": 0,
            "read_only": 0,
            "remember_last_selected_value": 0,
            "report_hide": 0,
            "reqd": 0,
            "search_index": 0,
            "set_only_once": 0,
            "translatable": 0,
            "unique": 0
        },
        {
            "allow_bulk_edit": 0,
            "allow_in_quick_entry": 0,
            "allow_on_submit": 0,
            "bold": 0,
            "collapsible": 0,
            "columns": 0,
            "fieldname": "title_deed_number",
            "fieldtype": "Data",
            "hidden": 0,
            "ignore_user_permissions": 0,
            "ignore_xss_filter": 0,
            "in_filter": 0,
            "in_global_search": 0,
            "in_list_view": 0,
            "in_standard_filter": 0,
            "label": "Title deed number",
            "length": 0,
            "no_copy": 0,
            "permlevel": 0,
            "precision": "",
            "print_hide": 0,
            "print_hide_if_no_value": 0,
            "read_only": 0,
            "remember_last_selected_value": 0,
            "report_hide": 0,
            "reqd": 0,
            "search_index": 0,
            "set_only_once": 0,
            "translatable": 0,
            "unique": 0
        },
        {
            "allow_bulk_edit": 0,
            "allow_in_quick_entry": 0,
            "allow_on_submit": 0,
            "bold": 0,
            "collapsible": 0,
            "columns": 0,
            "fieldname": "type",
            "fieldtype": "Link",
            "hidden": 0,
            "ignore_user_permissions": 0,
            "ignore_xss_filter": 0,
            "in_filter": 0,
            "in_global_search": 0,
            "in_list_view": 1,
            "in_standard_filter": 0,
            "label": "Type",
            "length": 0,
            "no_copy": 0,
            "options": "Unit Type",
            "permlevel": 0,
            "precision": "",
            "print_hide": 0,
            "print_hide_if_no_value": 0,
            "read_only": 0,
            "remember_last_selected_value": 0,
            "report_hide": 0,
            "reqd": 0,
            "search_index": 0,
            "set_only_once": 0,
            "translatable": 0,
            "unique": 0
        },
        {
            "allow_bulk_edit": 0,
            "allow_in_quick_entry": 0,
            "allow_on_submit": 0,
            "bold": 0,
            "collapsible": 0,
            "columns": 0,
            "fieldname": "bedroom",
            "fieldtype": "Int",
            "hidden": 0,
            "ignore_user_permissions": 0,
            "ignore_xss_filter": 0,
            "in_filter": 0,
            "in_global_search": 0,
            "in_list_view": 0,
            "in_standard_filter": 0,
            "label": "Bedroom",
            "length": 0,
            "no_copy": 0,
            "permlevel": 0,
            "precision": "",
            "print_hide": 0,
            "print_hide_if_no_value": 0,
            "read_only": 0,
            "remember_last_selected_value": 0,
            "report_hide": 0,
            "reqd": 0,
            "search_index": 0,
            "set_only_once": 0,
            "translatable": 0,
            "unique": 0
        },
        {
            "allow_bulk_edit": 0,
            "allow_in_quick_entry": 0,
            "allow_on_submit": 0,
            "bold": 0,
            "collapsible": 0,
            "columns": 0,
            "fieldname": "master_bedroom",
            "fieldtype": "Int",
            "hidden": 0,
            "ignore_user_permissions": 0,
            "ignore_xss_filter": 0,
            "in_filter": 0,
            "in_global_search": 0,
            "in_list_view": 0,
            "in_standard_filter": 0,
            "label": "Master bedroom",
            "length": 0,
            "no_copy": 0,
            "permlevel": 0,
            "precision": "",
            "print_hide": 0,
            "print_hide_if_no_value": 0,
            "read_only": 0,
            "remember_last_selected_value": 0,
            "report_hide": 0,
            "reqd": 0,
            "search_index": 0,
            "set_only_once": 0,
            "translatable": 0,
            "unique": 0
        },
        {
            "allow_bulk_edit": 0,
            "allow_in_quick_entry": 0,
            "allow_on_submit": 0,
            "bold": 0,
            "collapsible": 0,
            "columns": 0,
            "fieldname": "common_bathroom",
            "fieldtype": "Int",
            "hidden": 0,
            "ignore_user_permissions": 0,
            "ignore_xss_filter": 0,
            "in_filter": 0,
            "in_global_search": 0,
            "in_list_view": 0,
            "in_standard_filter": 0,
            "label": "Common bathroom",
            "length": 0,
            "no_copy": 0,
            "permlevel": 0,
            "precision": "",
            "print_hide": 0,
            "print_hide_if_no_value": 0,
            "read_only": 0,
            "remember_last_selected_value": 0,
            "report_hide": 0,
            "reqd": 0,
            "search_index": 0,
            "set_only_once": 0,
            "translatable": 0,
            "unique": 0
        },
        {
            "allow_bulk_edit": 0,
            "allow_in_quick_entry": 0,
            "allow_on_submit": 0,
            "bold": 0,
            "collapsible": 0,
            "columns": 0,
            "fieldname": "builtup_area",
            "fieldtype": "Float",
            "hidden": 0,
            "ignore_user_permissions": 0,
            "ignore_xss_filter": 0,
            "in_filter": 0,
            "in_global_search": 0,
            "in_list_view": 1,
            "in_standard_filter": 0,
            "label": "Builtup area",
            "length": 0,
            "no_copy": 0,
            "permlevel": 0,
            "precision": "",
            "print_hide": 0,
            "print_hide_if_no_value": 0,
            "read_only": 0,
            "remember_last_selected_value": 0,
            "report_hide": 0,
            "reqd": 0,
            "search_index": 0,
            "set_only_once": 0,
            "translatable": 0,
            "unique": 0
        },
        {
            "allow_bulk_edit": 0,
            "allow_in_quick_entry": 0,
            "allow_on_submit": 0,
            "bold": 0,
            "collapsible": 0,
            "columns": 0,
            "fieldname": "carpet_area",
            "fieldtype": "Float",
            "hidden": 0,
            "ignore_user_permissions": 0,
            "ignore_xss_filter": 0,
            "in_filter": 0,
            "in_global_search": 0,
            "in_list_view": 1,
            "in_standard_filter": 0,
            "label": "Carpet area",
            "length": 0,
            "no_copy": 0,
            "permlevel": 0,
            "precision": "",
            "print_hide": 0,
            "print_hide_if_no_value": 0,
            "read_only": 0,
            "remember_last_selected_value": 0,
            "report_hide": 0,
            "reqd": 0,
            "search_index": 0,
            "set_only_once": 0,
            "translatable": 0,
            "unique": 0
        },
        {
            "allow_bulk_edit": 0,
            "allow_in_quick_entry": 0,
            "allow_on_submit": 0,
            "bold": 0,
            "collapsible": 0,
            "columns": 0,
            "fieldname": "facing",
            "fieldtype": "Select",
            "hidden": 0,
            "ignore_user_permissions": 0,
            "ignore_xss_filter": 0,
            "in_filter": 0,
            "in_global_search": 0,
            "in_list_view": 1,
            "in_standard_filter": 0,
            "label": "Facing",
            "length": 0,
            "no_copy": 0,
            "options": "North\nNorth-East\nEast\nSouth-East\nWest\nNorth-West\nSouth-West\nSouth",
            "permlevel": 0,
            "precision": "",
            "print_hide": 0,
            "print_hide_if_no_value": 0,
            "read_only": 0,
            "remember_last_selected_value": 0,
            "report_hide": 0,
            "reqd": 0,
            "search_index": 0,
            "set_only_once": 0,
            "translatable": 0,
            "unique": 0
        },
        {
            "allow_bulk_edit": 0,
            "allow_in_quick_entry": 0,
            "allow_on_submit": 0,
            "bold": 0,
            "collapsible": 0,
            "columns": 0,
            "fieldname": "no_of_parking",
            "fieldtype": "Int",
            "hidden": 0,
            "ignore_user_permissions": 0,
            "ignore_xss_filter": 0,
            "in_filter": 0,
            "in_global_search": 0,
            "in_list_view": 1,
            "in_standard_filter": 0,
            "label": "No of parking",
            "length": 0,
            "no_copy": 0,
            "permlevel": 0,
            "precision": "",
            "print_hide": 0,
            "print_hide_if_no_value": 0,
            "read_only": 0,
            "remember_last_selected_value": 0,
            "report_hide": 0,
            "reqd": 0,
            "search_index": 0,
            "set_only_once": 0,
            "translatable": 0,
            "unique": 0
        },
        {
            "allow_bulk_edit": 0,
            "allow_in_quick_entry": 0,
            "allow_on_submit": 0,
            "bold": 0,
            "collapsible": 0,
            "columns": 0,
            "fieldname": "unit_assets",
            "fieldtype": "Table",
            "hidden": 0,
            "ignore_user_permissions": 0,
            "ignore_xss_filter": 0,
            "in_filter": 0,
            "in_global_search": 0,
            "in_list_view": 0,
            "in_standard_filter": 0,
            "label": "Unit Assets",
            "length": 0,
            "no_copy": 0,
            "options": "Unit Assets",
            "permlevel": 0,
            "precision": "",
            "print_hide": 0,
            "print_hide_if_no_value": 0,
            "read_only": 0,
            "remember_last_selected_value": 0,
            "report_hide": 0,
            "reqd": 0,
            "search_index": 0,
            "set_only_once": 0,
            "translatable": 0,
            "unique": 0
        },
        {
            "allow_bulk_edit": 0,
            "allow_in_quick_entry": 0,
            "allow_on_submit": 0,
            "bold": 0,
            "collapsible": 0,
            "columns": 0,
            "fieldname": "rent",
            "fieldtype": "Currency",
            "hidden": 0,
            "ignore_user_permissions": 0,
            "ignore_xss_filter": 0,
            "in_filter": 0,
            "in_global_search": 0,
            "in_list_view": 1,
            "in_standard_filter": 0,
            "label": "Rent",
            "length": 0,
            "no_copy": 0,
            "permlevel": 0,
            "precision": "",
            "print_hide": 0,
            "print_hide_if_no_value": 0,
            "read_only": 0,
            "remember_last_selected_value": 0,
            "report_hide": 0,
            "reqd": 0,
            "search_index": 0,
            "set_only_once": 0,
            "translatable": 0,
            "unique": 0
        },
        {
            "allow_bulk_edit": 0,
            "allow_in_quick_entry": 0,
            "allow_on_submit": 0,
            "bold": 0,
            "collapsible": 0,
            "columns": 0,
            "fieldname": "security_deposit",
            "fieldtype": "Currency",
            "hidden": 0,
            "ignore_user_permissions": 0,
            "ignore_xss_filter": 0,
            "in_filter": 0,
            "in_global_search": 0,
            "in_list_view": 1,
            "in_standard_filter": 0,
            "label": "Security Deposit",
            "length": 0,
            "no_copy": 0,
            "permlevel": 0,
            "precision": "",
            "print_hide": 0,
            "print_hide_if_no_value": 0,
            "read_only": 0,
            "remember_last_selected_value": 0,
            "report_hide": 0,
            "reqd": 0,
            "search_index": 0,
            "set_only_once": 0,
            "translatable": 0,
            "unique": 0
        },
        {
            "allow_bulk_edit": 0,
            "allow_in_quick_entry": 0,
            "allow_on_submit": 0,
            "bold": 0,
            "collapsible": 0,
            "columns": 0,
            "fieldname": "smoking",
            "fieldtype": "Check",
            "hidden": 0,
            "ignore_user_permissions": 0,
            "ignore_xss_filter": 0,
            "in_filter": 0,
            "in_global_search": 0,
            "in_list_view": 0,
            "in_standard_filter": 0,
            "label": "Smoking",
            "length": 0,
            "no_copy": 0,
            "permlevel": 0,
            "precision": "",
            "print_hide": 0,
            "print_hide_if_no_value": 0,
            "read_only": 0,
            "remember_last_selected_value": 0,
            "report_hide": 0,
            "reqd": 0,
            "search_index": 0,
            "set_only_once": 0,
            "translatable": 0,
            "unique": 0
        },
        {
            "allow_bulk_edit": 0,
            "allow_in_quick_entry": 0,
            "allow_on_submit": 0,
            "bold": 0,
            "collapsible": 0,
            "columns": 0,
            "fieldname": "furnished",
            "fieldtype": "Check",
            "hidden": 0,
            "ignore_user_permissions": 0,
            "ignore_xss_filter": 0,
            "in_filter": 0,
            "in_global_search": 0,
            "in_list_view": 0,
            "in_standard_filter": 0,
            "label": "Furnished",
            "length": 0,
            "no_copy": 0,
            "permlevel": 0,
            "precision": "",
            "print_hide": 0,
            "print_hide_if_no_value": 0,
            "read_only": 0,
            "remember_last_selected_value": 0,
            "report_hide": 0,
            "reqd": 0,
            "search_index": 0,
            "set_only_once": 0,
            "translatable": 0,
            "unique": 0
        },
        {
            "allow_bulk_edit": 0,
            "allow_in_quick_entry": 0,
            "allow_on_submit": 0,
            "bold": 0,
            "collapsible": 0,
            "columns": 0,
            "fieldname": "description",
            "fieldtype": "Text",
            "hidden": 0,
            "ignore_user_permissions": 0,
            "ignore_xss_filter": 0,
            "in_filter": 0,
            "in_global_search": 0,
            "in_list_view": 0,
            "in_standard_filter": 0,
            "label": "Description",
            "length": 0,
            "no_copy": 0,
            "permlevel": 0,
            "precision": "",
            "print_hide": 0,
            "print_hide_if_no_value": 0,
            "read_only": 0,
            "remember_last_selected_value": 0,
            "report_hide": 0,
            "reqd": 0,
            "search_index": 0,
            "set_only_once": 0,
            "translatable": 0,
            "unique": 0
        },
        {
            "allow_bulk_edit": 0,
            "allow_in_quick_entry": 0,
            "allow_on_submit": 0,
            "bold": 0,
            "collapsible": 0,
            "columns": 0,
            "fieldname": "status_active",
            "fieldtype": "Select",
            "hidden": 0,
            "ignore_user_permissions": 0,
            "ignore_xss_filter": 0,
            "in_filter": 0,
            "in_global_search": 0,
            "in_list_view": 1,
            "in_standard_filter": 1,
            "label": "Status active",
            "length": 0,
            "no_copy": 0,
            "options": "Available\nBooked\nSale\nOn Lease\nOff Lease in 3 Months\nSold\nManaged for customer",
            "permlevel": 0,
            "precision": "",
            "print_hide": 0,
            "print_hide_if_no_value": 0,
            "read_only": 0,
            "remember_last_selected_value": 0,
            "report_hide": 0,
            "reqd": 0,
            "search_index": 0,
            "set_only_once": 0,
            "translatable": 0,
            "unique": 0
        }
    ],
    "has_web_view": 0,
    "hide_heading": 0,
    "hide_toolbar": 0,
    "idx": 0,
    "image_view": 0,
    "in_create": 0,
    "is_submittable": 0,
    "issingle": 0,
    "istable": 1,
    "max_attachments": 0,
    "modified": "2018-11-22 22:59:04.976445",
    "modified_by": "Administrator",
    "module": "Property Management Solution",
    "name": "Property Unit",
    "name_case": "",
    "owner": "mkhakheria@aakvatech.com",
    "permissions": [],
    "quick_entry": 1,
    "read_only": 0,
    "read_only_onload": 0,
    "show_name_in_global_search": 0,
    "sort_field": "modified",
    "sort_order": "DESC",
    "track_changes": 1,
    "track_seen": 0,
    "track_views": 0
}
