{
 "align_labels_right": 1,
 "creation": "2020-03-04 10:08:35.659623",
 "custom_format": 0,
 "disabled": 0,
 "doc_type": "Security Attendance",
 "docstatus": 0,
 "doctype": "Print Format",
 "font": "Default",
 "format_data": "[{\"fieldname\": \"print_heading_template\", \"options\": \"<div class=\\\"print-heading\\\">\\t\\t\\t\\t<h2>Security Attendance<br><small>{{ doc.name }}</small>\\t\\t\\t\\t</h2></div>\", \"fieldtype\": \"Custom HTML\"}, {\"label\": \"\", \"fieldtype\": \"Section Break\"}, {\"fieldtype\": \"Column Break\"}, {\"label\": \"Shift Date\", \"fieldname\": \"shift_date\", \"print_hide\": 0}, {\"label\": \"Shift Name\", \"fieldname\": \"shift_name\", \"print_hide\": 0}, {\"label\": \"Attendance Details\", \"fieldname\": \"attendance_details\", \"visible_columns\": [{\"print_width\": \"\", \"fieldname\": \"guard_empid\", \"print_hide\": 0}, {\"print_width\": \"\", \"fieldname\": \"guard_name\", \"print_hide\": 0}, {\"print_width\": \"\", \"fieldname\": \"id_no\", \"print_hide\": 0}, {\"print_width\": \"\", \"fieldname\": \"position\", \"print_hide\": 0}, {\"print_width\": \"\", \"fieldname\": \"status\", \"print_hide\": 0}, {\"print_width\": \"\", \"fieldname\": \"remarks\", \"print_hide\": 0}], \"print_hide\": 0}, {\"label\": \"\", \"fieldtype\": \"Section Break\"}, {\"fieldtype\": \"Column Break\"}, {\"fieldtype\": \"HTML\", \"label\": \"Custom HTML\", \"fieldname\": \"_custom_html\", \"options\": \" {% set list = [] %}\\n    {% set dict = {} %}\\n    {% set tot_qty = [] %}\\n    {% set avg_rate = [] %}\\n    {% set tot_amt = 0 %}\\n  \\n    {% set groups = doc.items|groupby('status') %}\\n    {% set no_of_group = groups|length %}\\n    {% set total_count = 0 %}\\n{% set group_count = 0 %}\\n    {% set tot_qty = doc.items|count(attribute='status') %}\\n\\n    {% set item_details = {\\\"total_qty\\\":0.0} %}\\t\\n\\n    {% for group in doc.items | groupby('status') %}\\n        {% set group_count = group.list|length %}\\n    {% set total_count = total_count + group_count %}\\n    {% set count = 1 %} \\n         {% set item_desc = [] %} \\n               {% for item in group.list %}\\n                   \\n\\t\\t  {% if count == 1 -%}\\n\\n\\t\\t     {% set _ = item_desc.append(item.status) %}\\n                         \\n\\t\\t  {%- endif %}\\n                      {% set count = count + 1 %}\\n\\n\\t\\t{%- endfor %}\\n           \\n           \\n           \\t <tr>\\n           <div class=\\\"row\\\" style=\\\"padding-top:0px;\\\" !important;\\\"> \\n                   <td style=\\\"width: 35%; text-align: left;\\\"><font size = \\\"1\\\">{{ group.grouper }} - {{ item_desc[0] }}<font></div>\\n                  \\n                   {% set tot_qty = group.list|sum(attribute='status') %}\\n\\t\\t{% set tot_amt = group.list|sum(0) %}\\n\\t       {% set avg_rate = tot_amt / tot_qty %}\\n\\t\\t\\n\\t\\t   <td style=\\\"width: 15%; text-align: right;\\\"><font size = \\\"1\\\">{{ (tot_qty | round(2)|string).rstrip('0').rstrip('.') }} Nos<font></div>\\n\\t\\t\\n\\n                   <td style=\\\"width: 25%; text-align: right;\\\"><font size = \\\"1\\\">{{ \\\"{:,.2f}\\\".format(avg_rate) }}<font></td>\\t\\t\\t\\n\\t       <td style=\\\"width: 25%; text-align: right;\\\"><font size = \\\"1\\\">{{ \\\"{:,.2f}\\\".format(tot_amt) }}<font></td>\\n        </tr>\", \"print_hide\": 0}]",
 "html": "<html>",
 "idx": 0,
 "line_breaks": 1,
 "modified": "2020-03-10 13:20:57.654626",
 "modified_by": "Administrator",
 "module": "Property Management Solution",
 "name": "Security Attendance",
 "owner": "Administrator",
 "parent": "Security Attendance",
 "print_format_builder": 1,
 "print_format_type": "Jinja",
 "raw_printing": 0,
 "show_section_headings": 1,
 "standard": "Yes"
}