{
 "align_labels_right": 1,
 "creation": "2020-04-12 18:42:31.673511",
 "css": ".print-format {\npadding-left: 10mm;\npadding-right: 5mm;\npadding-top: 10mm;  }\n",
 "custom_format": 0,
 "disabled": 0,
 "doc_type": "Daily Checklist",
 "docstatus": 0,
 "doctype": "Print Format",
 "font": "Default",
 "format_data": "[{\"fieldtype\": \"Custom HTML\", \"options\": \"<div class=\\\"print-heading\\\">\\t\\t\\t\\t<h2>Daily Checklist<br><small>{{ doc.name }}</small>\\t\\t\\t\\t</h2></div>\", \"fieldname\": \"print_heading_template\"}, {\"fieldtype\": \"Section Break\", \"label\": \"\"}, {\"fieldtype\": \"Column Break\"}, {\"print_hide\": 0, \"label\": \"Checkup Date\", \"fieldname\": \"checkup_date\"}, {\"print_hide\": 0, \"label\": \" Shift\", \"fieldname\": \"shift\"}, {\"print_hide\": 0, \"label\": \"Area\", \"fieldname\": \"area\"}, {\"fieldtype\": \"HTML\", \"print_hide\": 0, \"options\": \"<div class=\\\"row  data-field\\\" data-fieldname=\\\"area\\\" data-fieldtype=\\\"Link\\\">\\n   <div class=\\\"col-xs-5\\\">\\n      <label>Created on:</label>\\n   </div>\\n   <div class=\\\"col-xs-7\\n      value\\\">\\n      {{ doc.modified }}\\n   </div>\\n</div>\", \"label\": \"Custom HTML\", \"fieldname\": \"_custom_html\"}, {\"fieldtype\": \"Column Break\"}, {\"fieldtype\": \"HTML\", \"print_hide\": 0, \"options\": \"<div class=\\\"row  data-field\\\" data-fieldname=\\\"area\\\" data-fieldtype=\\\"Link\\\">\\n   <div class=\\\"col-xs-5\\\">\\n      <label>Printed by</label>\\n   </div>\\n   <div class=\\\"col-xs-7\\n      value\\\">\\n      {{ frappe.get_fullname(user) }}\\n   </div>\\n</div>\\n<div class=\\\"row  data-field\\\" data-fieldname=\\\"area\\\" data-fieldtype=\\\"Link\\\">\\n   <div class=\\\"col-xs-5\\\">\\n      <label>Document owner:</label>\\n   </div>\\n   <div class=\\\"col-xs-7\\n      value\\\">\\n      {{ frappe.get_fullname(doc.owner) }}\\n   </div>\\n</div>\\n<div class=\\\"row  data-field\\\" data-fieldname=\\\"area\\\" data-fieldtype=\\\"Link\\\">\\n   <div class=\\\"col-xs-5\\\">\\n      <label>Submitted by:</label>\\n   </div>\\n   <div class=\\\"col-xs-7\\n      value\\\">\\n      {{ frappe.get_fullname(doc.modified_by) }}\\n   </div>\\n</div>\\n\", \"label\": \"Custom HTML\", \"fieldname\": \"_custom_html\"}, {\"fieldtype\": \"Section Break\", \"label\": \"\"}, {\"fieldtype\": \"Column Break\"}, {\"print_hide\": 0, \"fieldname\": \"daily_checklist_detail\", \"label\": \"Daily Checklist Detail\", \"visible_columns\": [{\"print_width\": \"\", \"print_hide\": 0, \"fieldname\": \"checklist_task\"}, {\"print_width\": \"\", \"print_hide\": 0, \"fieldname\": \"remarks\"}]}]",
 "html": "<br>",
 "idx": 0,
 "line_breaks": 1,
 "modified": "2020-04-17 19:41:23.118064",
 "modified_by": "Administrator",
 "module": "Property Management Solution",
 "name": "Property Daily Checklist",
 "owner": "Administrator",
 "print_format_builder": 1,
 "print_format_type": "Jinja",
 "raw_printing": 0,
 "show_section_headings": 1,
 "standard": "Yes"
}