{
 "align_labels_right": 0,
 "creation": "2020-03-04 10:08:35.711962",
 "css": ".print-format {\n        padding-left: 5mm;\n        padding-right: 5mm;\n        padding-top: 15mm;\n        padding-bottom: 5mm;\n}\n",
 "custom_format": 1,
 "disabled": 0,
 "doc_type": "Security Attendance",
 "docstatus": 0,
 "doctype": "Print Format",
 "font": "Default",
 "html": "{%- macro add_header(page_num, max_pages, doc, letter_head, no_letterhead) -%}\n    {% if letter_head and not no_letterhead %}\n    <div class=\"letter-head\">{{ letter_head }}</div>\n    {% endif %}\n    \n    {% if max_pages > 1 %}\n    <p class=\"text-right\">{{ _(\"Page #{0} of {1}\").format(page_num, max_pages) }}</p>\n    {% endif %}\n{%- endmacro -%}\n{{ add_header(0,1,doc,letter_head, no_letterhead) }}\n\n<h4 class=\"text-center\">\n\t{{ doc.shift_name|upper }} SHIFT SECURITY ATTENDANCE REPORT FOR {{ frappe.utils.formatdate(doc.shift_date) }}\n</h4>\n\n<table class=\"table table-bordered\">\n        <thead>\n                <tr>\n                        <th style=\"text-align:center\">GUARD NAME</th>\n                        <th style=\"text-align:center\">POSITION</th>\n                        <th style=\"text-align:center\">PRESENT</th>\n                        <th style=\"text-align:center\">ABSENT</th>\n                        <th style=\"text-align:center\">DAY OFF</th>\n                        <th style=\"text-align:center\">REMARKS</th>\n                </tr>\n        </thead>\n        <tbody>\n        {% set present = [0] %}\n        {% set absent = [0] %}\n        {% set day_off = [0] %}\n        {% for ad in doc.attendance_details %}\n                <tr>\n                    {% if ad.status == \"Present\" %}\n                       {% if present.append(present.pop() + 1) %}{% endif %} \n                       {% set cpresent = \"\" %}\n                       {% set cabsent = \"\" %}\n                       {% set cday_off = \"\" %}\n                       {% set cpresent = \"X\" %}\n                    {% elif  ad.status == \"Absent\" %}\n                       {% if absent.append(absent.pop() + 1) %}{% endif %} \n                       {% set cpresent = \"\" %}\n                       {% set cabsent = \"\" %}\n                       {% set cday_off = \"\" %}\n                       {% set cabsent = \"X\" %}\n                    {% elif  ad.status == \"Day off\" %}\n                       {% if day_off.append(day_off.pop() + 1) %}{% endif %} \n                       {% set cpresent = \"\" %}\n                       {% set cabsent = \"\" %}\n                       {% set cday_off = \"\" %}\n                       {% set cday_off  = \"X\" %}\n\t            {% else %}\t\t\n                       {% set cpresent = \"\" %}\n                       {% set cabsent = \"\" %}\n                       {% set cday_off = \"\" %}\n\t\t    {% endif %}\n\n                        <td>{{ ad.guard_name}}</td>\n                        <td>{{ ad.position }}</td>\n                        <td style=\"text-align:center\">{{ cpresent }}</td>\n                        <td style=\"text-align:center\">{{ cabsent }}</td>\n                        <td style=\"text-align:center\">{{ cday_off }}</td>\n\t\t\t<td>{{ ad.remarks }}</td>\n                     \n                        \n                </tr>\n        {% endfor %}\n        </tbody>\n\t<tfoot>\n\t\t<tr> \n                        <th colspan=2>TOTAL</th>\n                        <th style=\"text-align:center\">{{ present[0] }}</th>\n                        <th style=\"text-align:center\">{{ absent[0] }}</th>\n                        <th style=\"text-align:center\">{{ day_off[0] }}</th>\n\t\t\t<th>&nbsp;</th>\n                </tr>\n\n        </tfoot>\n</table>\n",
 "idx": 0,
 "line_breaks": 0,
 "modified": "2020-03-10 13:21:55.167934",
 "modified_by": "Administrator",
 "module": "Property Management Solution",
 "name": "Attendance Report",
 "owner": "Administrator",
 "print_format_builder": 1,
 "print_format_type": "Jinja",
 "raw_printing": 0,
 "show_section_headings": 0,
 "standard": "Yes"
}