{
 "absolute_value": 0,
 "align_labels_right": 1,
 "creation": "2020-03-04 10:08:35.838458",
 "css": "@media screen {\n  .print-format {\n     padding-left: 10mm;\n     padding-right: 10mm;\n     padding-top: 5mm;\n     padding-bottom: 2mm;\n      width: 5.8in;\n      min-height: 8.3in;\n      font-size: 7pt;\n  }\n  .print-format td, .print-format th {\n    vertical-align: top !important;\n   padding: 1px !important;\n  }\n\n  .print-format h1 { font-size: 19pt;}\n  .print-format h2 { font-size: 17pt;}\n  .print-format h3 { font-size: 15pt;}\n  .print-format h4 { font-size: 13pt;}\n  .print-format h5 { font-size: 9pt;}\n  .print-format h6 { font-size: 8px;}\n  \n    .data-field {\n        margin-top: 0px;\n        margin-bottom: 0px;\n    }\n}\n\n.data-field {\n    margin-top: 0px;\n    margin-bottom: 0px;\n}\n\n.hr_class {\n   margin-top: 6px;\n   margin-bottom: 6px;\n}\n\n.clearfix:after {\n    /* clear: both; */\n}\n\n.col-xs-7 {\n    position: relative;\n    min-height: 1px;\n    padding-right: 5px;\n    padding-left: 5px;\n}",
 "custom_format": 0,
 "default_print_language": "en",
 "disabled": 0,
 "doc_type": "Payment Entry",
 "docstatus": 0,
 "doctype": "Print Format",
 "font": "Default",
 "format_data": "[{\"fieldname\": \"print_heading_template\", \"fieldtype\": \"Custom HTML\", \"options\": \"<table style=\\\"width: 100%;\\\">\\n  <tr>\\n    <td style=\\\"width: 25%;\\\"><p class=\\\"h5 text-left\\\">VRN {{ frappe.db.get_value(\\\"Company\\\", doc.company, \\\"vrn\\\") }}</p></td>\\n    <td style=\\\"width: 50%;\\\"><p class=\\\"h5 text-center\\\"><b>\\n\\t{% if doc.payment_type == \\\"Receive\\\" %}\\n\\t    RECEIPT\\n\\t{% elif doc.payment_type == \\\"Pay\\\" %}\\n            PAYMENT VOUCHER\\n\\t{% else %}\\n            INTERNAL TRANSFER VOUCHER\\n        {% endif %}\\n    </b></p></td>\\n    <td style=\\\"width: 25%;\\\"><p class=\\\"h5 text-right\\\">TIN {{ frappe.db.get_value(\\\"Company\\\", doc.company, \\\"tin\\\") }}</p></td>\\n  </td>\\n</table>\\n<hr class=\\\"hr_class\\\">\"}, {\"fieldtype\": \"Section Break\", \"label\": \"\"}, {\"fieldtype\": \"Column Break\"}, {\"fieldname\": \"_custom_html\", \"print_hide\": 0, \"label\": \"Custom HTML\", \"fieldtype\": \"HTML\", \"options\": \"<div class=\\\"row  data-field\\\" data-fieldname=\\\"area\\\" data-fieldtype=\\\"Link\\\">\\n   <div class=\\\"col-xs-5\\\">\\n      <label>Party:</label>\\n   </div>\\n   <div class=\\\"col-xs-7 value\\\">\\n      <b>{{ doc.party_name}}</b>\\n   </div>\\n</div>\\n<div class=\\\"row  data-field\\\" data-fieldname=\\\"area\\\" data-fieldtype=\\\"Link\\\">\\n   <div class=\\\"col-xs-5\\\">\\n      <label>Payment Mode:</label>\\n   </div>\\n   <div class=\\\"col-xs-7 value\\\">\\n      {{ doc.mode_of_payment}}\\n   </div>\\n</div>\"}, {\"fieldtype\": \"Column Break\"}, {\"fieldname\": \"_custom_html\", \"print_hide\": 0, \"label\": \"Custom HTML\", \"fieldtype\": \"HTML\", \"options\": \"<div class=\\\"row  data-field\\\" data-fieldname=\\\"area\\\" data-fieldtype=\\\"Link\\\">\\n   <div class=\\\"col-xs-5\\\">\\n      <label>Number:</label>\\n   </div>\\n   <div class=\\\"col-xs-7 value\\\">\\n      {{ doc.name}}\\n   </div>\\n</div>\\n<div class=\\\"row  data-field\\\" data-fieldname=\\\"area\\\" data-fieldtype=\\\"Link\\\">\\n   <div class=\\\"col-xs-5\\\">\\n      <label>Posting Date:</label>\\n   </div>\\n   <div class=\\\"col-xs-7 value\\\">\\n      {{ doc.posting_date}}\\n   </div>\\n</div>\"}, {\"fieldtype\": \"Section Break\", \"label\": \"\"}, {\"fieldtype\": \"Column Break\"}, {\"fieldname\": \"_custom_html\", \"print_hide\": 0, \"label\": \"Custom HTML\", \"fieldtype\": \"HTML\", \"options\": \"<div class=\\\"row  data-field\\\" data-fieldname=\\\"area\\\" data-fieldtype=\\\"Link\\\">\\n   <div class=\\\"col-xs-5\\\">\\n      <label>A/C Paid From</label>\\n   </div>\\n   <div class=\\\"col-xs-7 value\\\">\\n      {{ doc.paid_from }}\\n   </div>\\n</div>\\n\"}, {\"fieldtype\": \"Column Break\"}, {\"fieldname\": \"_custom_html\", \"print_hide\": 0, \"label\": \"Custom HTML\", \"fieldtype\": \"HTML\", \"options\": \"<div class=\\\"row  data-field\\\" data-fieldname=\\\"area\\\" data-fieldtype=\\\"Link\\\">\\n   <div class=\\\"col-xs-5\\\">\\n      <label>A/C Paid To:</label>\\n   </div>\\n   <div class=\\\"col-xs-7 value\\\">\\n      {{ doc.paid_to }}\\n   </div>\\n</div>\\n\"}, {\"fieldtype\": \"Section Break\", \"label\": \"\"}, {\"fieldtype\": \"Column Break\"}, {\"fieldname\": \"_custom_html\", \"print_hide\": 0, \"label\": \"Custom HTML\", \"fieldtype\": \"HTML\", \"options\": \"<div class=\\\"row  data-field\\\" data-fieldname=\\\"area\\\" data-fieldtype=\\\"Link\\\">\\n   <div class=\\\"col-xs-5\\\">\\n      <label>Paid Amount</label>\\n   </div>\\n   <div class=\\\"col-xs-7 value\\\">\\n      {{ frappe.utils.fmt_money(doc.received_amount, currency=doc.paid_to_account_currency) }}\\n   </div>\\n</div>\"}, {\"fieldtype\": \"Column Break\"}, {\"fieldname\": \"_custom_html\", \"print_hide\": 0, \"label\": \"Custom HTML\", \"fieldtype\": \"HTML\", \"options\": \"<div class=\\\"row  data-field\\\" data-fieldname=\\\"area\\\" data-fieldtype=\\\"Link\\\">\\n   <div class=\\\"col-xs-5\\\">\\n      <label>In Words:</label>\\n   </div>\\n   <div class=\\\"col-xs-7 value\\\">\\n      {{ frappe.utils.money_in_words(doc.received_amount, doc.paid_to_account_currency) }}\\n   </div>\\n</div>\"}, {\"fieldtype\": \"Section Break\", \"label\": \"\"}, {\"fieldtype\": \"Column Break\"}, {\"fieldname\": \"_custom_html\", \"print_hide\": 0, \"label\": \"Custom HTML\", \"fieldtype\": \"HTML\", \"options\": \"<div class=\\\"row  data-field\\\" data-fieldname=\\\"area\\\" data-fieldtype=\\\"Link\\\">\\n   <div class=\\\"col-xs-5\\\">\\n      <label>Cheque / Ref No.</label>\\n   </div>\\n   <div class=\\\"col-xs-7 value\\\">\\n      {{ doc.reference_no }}\\n   </div>\\n</div>\"}, {\"fieldtype\": \"Column Break\"}, {\"fieldname\": \"_custom_html\", \"print_hide\": 0, \"label\": \"Custom HTML\", \"fieldtype\": \"HTML\", \"options\": \"<div class=\\\"row  data-field\\\" data-fieldname=\\\"area\\\" data-fieldtype=\\\"Link\\\">\\n   <div class=\\\"col-xs-5\\\">\\n      <label>Cheque/Ref. Date</label>\\n   </div>\\n   <div class=\\\"col-xs-7 value\\\">\\n      {{ doc.reference_date }}\\n   </div>\\n</div>\"}, {\"fieldtype\": \"Section Break\", \"label\": \"\"}, {\"fieldtype\": \"Column Break\"}, {\"fieldname\": \"_custom_html\", \"print_hide\": 0, \"label\": \"Custom HTML\", \"fieldtype\": \"HTML\", \"options\": \"{% if doc.payment_type != \\\"Internal Transfer\\\" %}\\n    <div class=\\\"row  data-field\\\" data-fieldname=\\\"area\\\" data-fieldtype=\\\"Link\\\">\\n        <div class=\\\"col-xs-5\\\">\\n            <label>Allocate Payment Amount</label>\\n        </div>\\n    </div>\\n{% endif %}\"}, {\"fieldname\": \"references\", \"print_hide\": 0, \"label\": \"Payment References\", \"visible_columns\": [{\"fieldname\": \"reference_doctype\", \"print_width\": \"\", \"print_hide\": 0}, {\"fieldname\": \"reference_name\", \"print_width\": \"\", \"print_hide\": 0}, {\"fieldname\": \"due_date\", \"print_width\": \"\", \"print_hide\": 0}, {\"fieldname\": \"bill_no\", \"print_width\": \"\", \"print_hide\": 0}, {\"fieldname\": \"outstanding_amount\", \"print_width\": \"\", \"print_hide\": 0}, {\"fieldname\": \"allocated_amount\", \"print_width\": \"\", \"print_hide\": 0}]}, {\"fieldtype\": \"Section Break\", \"label\": \"\"}, {\"fieldtype\": \"Column Break\"}, {\"fieldname\": \"_custom_html\", \"print_hide\": 0, \"label\": \"Custom HTML\", \"fieldtype\": \"HTML\", \"options\": \"<div class=\\\"row  data-field\\\" data-fieldname=\\\"area\\\" data-fieldtype=\\\"Link\\\">\\n   <div class=\\\"col-xs-5\\\">\\n      <label>Remarks</label>\\n   </div>\\n   <div class=\\\"col-xs-7 value\\\">\\n      {{ doc.remarks }}\\n   </div>\\n</div>\"}, {\"fieldtype\": \"Column Break\"}, {\"fieldtype\": \"Section Break\", \"label\": \"\"}, {\"fieldtype\": \"Column Break\"}, {\"fieldname\": \"_custom_html\", \"print_hide\": 0, \"label\": \"Custom HTML\", \"fieldtype\": \"HTML\", \"options\": \"         <TABLE width=100% cellpadding=0 cellspacing=0 border=1 style=\\\"margin: 0;padding: 0\\\">\\n            <TR>\\n               <TD WIDTH=33% height=80>\\n\\t\\t <B>&nbsp;</B>\\n                  <div style=\\\"position: relative; height: 80px; border: solid; border-style: none;\\\">\\n                     <div style=\\\"position: absolute; height: 10px; border: solid; bottom: 0; right: 0;  left: 0; border-style: none;\\\">\\n                        Received by\\n                     </div>\\n                  </div>\\n               </TD>\\n               <TD WIDTH=33% height=80 align=right>\\n                  <B>for {{ doc.company }}</B>\\n                  <div style=\\\"position: relative; height: 80px; border: solid; border-style: none;\\\">\\n                     <div style=\\\"position: absolute; height: 10px; border: solid; bottom: 0; right: 0;  left: 0; border-style: none;\\\">\\n                        Authorised Signatory\\n                     </div>\\n                  </div>\\n               </TD>\\n            </TR>\\n         </TABLE>\"}]",
 "html": "<html>\n</html>",
 "idx": 0,
 "line_breaks": 0,
 "modified": "2021-06-18 15:40:12.894864",
 "modified_by": "Administrator",
 "module": "Property Management Solution",
 "name": "AV Payment Entry Voucher VIVA",
 "owner": "Administrator",
 "parent": "Payment Entry",
 "print_format_builder": 0,
 "print_format_type": "Jinja",
 "raw_printing": 0,
 "show_section_headings": 1,
 "standard": "Yes"
}