{
 "align_labels_right": 1,
 "creation": "2020-03-04 10:08:35.787720",
 "css": ".print-format {\npadding-left: 10mm;\npadding-right: 5mm;\npadding-top: 10mm;  }\n",
 "custom_format": 0,
 "disabled": 0,
 "doc_type": "Daily Checklist",
 "docstatus": 0,
 "doctype": "Print Format",
 "font": "Default",
 "format_data": "[{\"fieldname\": \"print_heading_template\", \"options\": \"<div class=\\\"print-heading\\\">\\t\\t\\t\\t<h2>Daily Checklist<br><small>{{ doc.name }}</small>\\t\\t\\t\\t</h2></div>\", \"fieldtype\": \"Custom HTML\"}, {\"label\": \"\", \"fieldtype\": \"Section Break\"}, {\"fieldtype\": \"Column Break\"}, {\"label\": \"Checkup Date\", \"fieldname\": \"checkup_date\", \"print_hide\": 0}, {\"label\": \" Shift\", \"fieldname\": \"shift\", \"print_hide\": 0}, {\"label\": \"Area\", \"fieldname\": \"area\", \"print_hide\": 0}, {\"print_hide\": 0, \"label\": \"Custom HTML\", \"fieldname\": \"_custom_html\", \"options\": \"<div class=\\\"row  data-field\\\" data-fieldname=\\\"area\\\" data-fieldtype=\\\"Link\\\">\\n   <div class=\\\"col-xs-5\\\">\\n      <label>Created on:</label>\\n   </div>\\n   <div class=\\\"col-xs-7\\n      value\\\">\\n      {{ doc.modified }}\\n   </div>\\n</div>\", \"fieldtype\": \"HTML\"}, {\"fieldtype\": \"Column Break\"}, {\"print_hide\": 0, \"label\": \"Custom HTML\", \"fieldname\": \"_custom_html\", \"options\": \"<div class=\\\"row  data-field\\\" data-fieldname=\\\"area\\\" data-fieldtype=\\\"Link\\\">\\n   <div class=\\\"col-xs-5\\\">\\n      <label>Printed by</label>\\n   </div>\\n   <div class=\\\"col-xs-7\\n      value\\\">\\n      {{ frappe.get_fullname(user) }}\\n   </div>\\n</div>\\n<div class=\\\"row  data-field\\\" data-fieldname=\\\"area\\\" data-fieldtype=\\\"Link\\\">\\n   <div class=\\\"col-xs-5\\\">\\n      <label>Document owner:</label>\\n   </div>\\n   <div class=\\\"col-xs-7\\n      value\\\">\\n      {{ frappe.get_fullname(doc.owner) }}\\n   </div>\\n</div>\\n<div class=\\\"row  data-field\\\" data-fieldname=\\\"area\\\" data-fieldtype=\\\"Link\\\">\\n   <div class=\\\"col-xs-5\\\">\\n      <label>Submitted by:</label>\\n   </div>\\n   <div class=\\\"col-xs-7\\n      value\\\">\\n      {{ frappe.get_fullname(doc.modified_by) }}\\n   </div>\\n</div>\\n\", \"fieldtype\": \"HTML\"}, {\"label\": \"\", \"fieldtype\": \"Section Break\"}, {\"fieldtype\": \"Column Break\"}, {\"label\": \"Daily Checklist Detail\", \"fieldname\": \"daily_checklist_detail\", \"print_hide\": 0, \"visible_columns\": [{\"print_width\": \"\", \"fieldname\": \"checklist_task\", \"print_hide\": 0}, {\"print_width\": \"\", \"fieldname\": \"remarks\", \"print_hide\": 0}]}]",
 "html": "<html>",
 "idx": 0,
 "line_breaks": 1,
 "modified": "2020-03-10 13:21:25.083309",
 "modified_by": "Administrator",
 "module": "Property Management Solution",
 "name": "Daily Checklist",
 "owner": "Administrator",
 "print_format_builder": 1,
 "print_format_type": "Jinja",
 "raw_printing": 0,
 "show_section_headings": 1,
 "standard": "Yes"
}