[
 {
  "default_value": null,
  "doc_type": "Property",
  "docstatus": 0,
  "doctype": "Property Setter",
  "doctype_or_field": "DocField",
  "field_name": "status",
  "modified": "2020-07-25 17:21:20.402797",
  "name": "Property-status-options",
  "parent": null,
  "parentfield": null,
  "parenttype": null,
  "property": "options",
  "property_type": "Text",
  "row_name": null,
  "value": "Available\nBooked\nCommon Area (Not for lease)\nManaged for Customer\nOff lease in 3 months\nOn lease\nOn Sale\nRemoved\nRenewal\nSold\nVacating"
 },
 {
  "default_value": null,
  "doc_type": "Daily Checklist",
  "docstatus": 0,
  "doctype": "Property Setter",
  "doctype_or_field": "DocType",
  "field_name": null,
  "modified": "2019-12-05 17:17:42.450023",
  "name": "Daily Checklist-default_print_format",
  "parent": null,
  "parentfield": null,
  "parenttype": null,
  "property": "default_print_format",
  "property_type": "Data",
  "row_name": null,
  "value": "Viva Daily Checklist"
 },
 {
  "default_value": null,
  "doc_type": "Journal Entry Account",
  "docstatus": 0,
  "doctype": "Property Setter",
  "doctype_or_field": "DocField",
  "field_name": "account",
  "modified": "2019-01-06 22:08:42.754975",
  "name": "Journal Entry Account-account-columns",
  "parent": null,
  "parentfield": null,
  "parenttype": null,
  "property": "columns",
  "property_type": "Int",
  "row_name": null,
  "value": "2"
 },
 {
  "default_value": null,
  "doc_type": "Property",
  "docstatus": 0,
  "doctype": "Property Setter",
  "doctype_or_field": "DocField",
  "field_name": "identification_section",
  "modified": "2018-11-22 23:40:47.629777",
  "name": "Property-identification_section-bold",
  "parent": null,
  "parentfield": null,
  "parenttype": null,
  "property": "bold",
  "property_type": "Check",
  "row_name": null,
  "value": "1"
 },
 {
  "default_value": null,
  "doc_type": "Property",
  "docstatus": 0,
  "doctype": "Property Setter",
  "doctype_or_field": "DocField",
  "field_name": "section_break_4",
  "modified": "2018-11-22 23:40:47.637187",
  "name": "Property-section_break_4-bold",
  "parent": null,
  "parentfield": null,
  "parenttype": null,
  "property": "bold",
  "property_type": "Check",
  "row_name": null,
  "value": "1"
 },
 {
  "default_value": null,
  "doc_type": "Property",
  "docstatus": 0,
  "doctype": "Property Setter",
  "doctype_or_field": "DocField",
  "field_name": "section_break_13",
  "modified": "2018-11-22 23:40:47.643462",
  "name": "Property-section_break_13-bold",
  "parent": null,
  "parentfield": null,
  "parenttype": null,
  "property": "bold",
  "property_type": "Check",
  "row_name": null,
  "value": "1"
 },
 {
  "default_value": null,
  "doc_type": "Property",
  "docstatus": 0,
  "doctype": "Property Setter",
  "doctype_or_field": "DocField",
  "field_name": "section_break_22",
  "modified": "2018-11-22 23:40:47.648895",
  "name": "Property-section_break_22-bold",
  "parent": null,
  "parentfield": null,
  "parenttype": null,
  "property": "bold",
  "property_type": "Check",
  "row_name": null,
  "value": "1"
 },
 {
  "default_value": null,
  "doc_type": "Issue",
  "docstatus": 0,
  "doctype": "Property Setter",
  "doctype_or_field": "DocField",
  "field_name": "section_break_7",
  "modified": "2019-12-05 15:52:47.917365",
  "name": "Issue-section_break_7-collapsible",
  "parent": null,
  "parentfield": null,
  "parenttype": null,
  "property": "collapsible",
  "property_type": "Check",
  "row_name": null,
  "value": "0"
 },
 {
  "default_value": null,
  "doc_type": "Issue",
  "docstatus": 0,
  "doctype": "Property Setter",
  "doctype_or_field": "DocField",
  "field_name": "section_break_19",
  "modified": "2019-12-05 15:52:58.147959",
  "name": "Issue-section_break_19-collapsible",
  "parent": null,
  "parentfield": null,
  "parenttype": null,
  "property": "collapsible",
  "property_type": "Check",
  "row_name": null,
  "value": "0"
 },
 {
  "default_value": null,
  "doc_type": "Issue",
  "docstatus": 0,
  "doctype": "Property Setter",
  "doctype_or_field": "DocField",
  "field_name": "raised_by",
  "modified": "2019-12-05 15:53:02.525191",
  "name": "Issue-raised_by-report_hide",
  "parent": null,
  "parentfield": null,
  "parenttype": null,
  "property": "report_hide",
  "property_type": "Check",
  "row_name": null,
  "value": "1"
 },
 {
  "default_value": null,
  "doc_type": "Issue",
  "docstatus": 0,
  "doctype": "Property Setter",
  "doctype_or_field": "DocField",
  "field_name": "email_account",
  "modified": "2019-12-05 15:53:09.089897",
  "name": "Issue-email_account-report_hide",
  "parent": null,
  "parentfield": null,
  "parenttype": null,
  "property": "report_hide",
  "property_type": "Check",
  "row_name": null,
  "value": "1"
 },
 {
  "default_value": null,
  "doc_type": "Issue",
  "docstatus": 0,
  "doctype": "Property Setter",
  "doctype_or_field": "DocField",
  "field_name": "issue_type",
  "modified": "2019-12-05 15:50:47.649347",
  "name": "Issue-issue_type-in_standard_filter",
  "parent": null,
  "parentfield": null,
  "parenttype": null,
  "property": "in_standard_filter",
  "property_type": "Check",
  "row_name": null,
  "value": "1"
 },
 {
  "default_value": null,
  "doc_type": "Issue",
  "docstatus": 0,
  "doctype": "Property Setter",
  "doctype_or_field": "DocField",
  "field_name": "priority",
  "modified": "2019-12-05 15:50:42.409011",
  "name": "Issue-priority-in_standard_filter",
  "parent": null,
  "parentfield": null,
  "parenttype": null,
  "property": "in_standard_filter",
  "property_type": "Check",
  "row_name": null,
  "value": "0"
 },
 {
  "default_value": null,
  "doc_type": "Lease",
  "docstatus": 0,
  "doctype": "Property Setter",
  "doctype_or_field": "DocField",
  "field_name": "property_owner",
  "modified": "2019-01-07 17:11:16.168472",
  "name": "Lease-property_owner-in_list_view",
  "parent": null,
  "parentfield": null,
  "parenttype": null,
  "property": "in_list_view",
  "property_type": "Check",
  "row_name": null,
  "value": "1"
 },
 {
  "default_value": null,
  "doc_type": "Lease",
  "docstatus": 0,
  "doctype": "Property Setter",
  "doctype_or_field": "DocField",
  "field_name": "customer",
  "modified": "2019-01-07 17:11:16.172340",
  "name": "Lease-customer-in_list_view",
  "parent": null,
  "parentfield": null,
  "parenttype": null,
  "property": "in_list_view",
  "property_type": "Check",
  "row_name": null,
  "value": "1"
 },
 {
  "default_value": null,
  "doc_type": "Lease",
  "docstatus": 0,
  "doctype": "Property Setter",
  "doctype_or_field": "DocField",
  "field_name": "start_date",
  "modified": "2019-01-07 17:11:16.176321",
  "name": "Lease-start_date-in_list_view",
  "parent": null,
  "parentfield": null,
  "parenttype": null,
  "property": "in_list_view",
  "property_type": "Check",
  "row_name": null,
  "value": "1"
 },
 {
  "default_value": null,
  "doc_type": "Lease",
  "docstatus": 0,
  "doctype": "Property Setter",
  "doctype_or_field": "DocField",
  "field_name": "end_date",
  "modified": "2019-01-07 17:11:16.180756",
  "name": "Lease-end_date-in_list_view",
  "parent": null,
  "parentfield": null,
  "parenttype": null,
  "property": "in_list_view",
  "property_type": "Check",
  "row_name": null,
  "value": "1"
 },
 {
  "default_value": null,
  "doc_type": "Unit Type",
  "docstatus": 0,
  "doctype": "Property Setter",
  "doctype_or_field": "DocType",
  "field_name": null,
  "modified": "2018-04-24 11:36:39.792787",
  "name": "Unit Type-search_fields",
  "parent": null,
  "parentfield": null,
  "parenttype": null,
  "property": "search_fields",
  "property_type": "Data",
  "row_name": null,
  "value": "unit_type"
 },
 {
  "default_value": null,
  "doc_type": "Issue",
  "docstatus": 0,
  "doctype": "Property Setter",
  "doctype_or_field": "DocField",
  "field_name": "opening_date",
  "modified": "2019-12-05 15:54:21.901296",
  "name": "Issue-opening_date-in_list_view",
  "parent": null,
  "parentfield": null,
  "parenttype": null,
  "property": "in_list_view",
  "property_type": "Check",
  "row_name": null,
  "value": "1"
 },
 {
  "default_value": null,
  "doc_type": "Issue",
  "docstatus": 0,
  "doctype": "Property Setter",
  "doctype_or_field": "DocField",
  "field_name": "raised_by",
  "modified": "2019-12-05 15:54:26.025138",
  "name": "Issue-raised_by-in_list_view",
  "parent": null,
  "parentfield": null,
  "parenttype": null,
  "property": "in_list_view",
  "property_type": "Check",
  "row_name": null,
  "value": "0"
 },
 {
  "default_value": null,
  "doc_type": "Issue",
  "docstatus": 0,
  "doctype": "Property Setter",
  "doctype_or_field": "DocField",
  "field_name": "issue_type",
  "modified": "2019-12-05 16:01:10.745021",
  "name": "Issue-issue_type-reqd",
  "parent": null,
  "parentfield": null,
  "parenttype": null,
  "property": "reqd",
  "property_type": "Check",
  "row_name": null,
  "value": "1"
 },
 {
  "default_value": null,
  "doc_type": "Issue",
  "docstatus": 0,
  "doctype": "Property Setter",
  "doctype_or_field": "DocField",
  "field_name": "status",
  "modified": "2019-12-05 16:01:06.081899",
  "name": "Issue-status-options",
  "parent": null,
  "parentfield": null,
  "parenttype": null,
  "property": "options",
  "property_type": "Text",
  "row_name": null,
  "value": "Open\nIn Progress\nAwaiting Parts\nUnder Observation\nIn Discussion\nAppointment\nHold\nClosed"
 },
 {
  "default_value": null,
  "doc_type": "Contact",
  "docstatus": 0,
  "doctype": "Property Setter",
  "doctype_or_field": "DocField",
  "field_name": "department",
  "modified": "2019-12-05 17:21:33.595133",
  "name": "Contact-department-fieldtype",
  "parent": null,
  "parentfield": null,
  "parenttype": null,
  "property": "fieldtype",
  "property_type": "Select",
  "row_name": null,
  "value": "Select"
 },
 {
  "default_value": null,
  "doc_type": "Contact",
  "docstatus": 0,
  "doctype": "Property Setter",
  "doctype_or_field": "DocField",
  "field_name": "department",
  "modified": "2019-12-05 17:21:28.706462",
  "name": "Contact-department-options",
  "parent": null,
  "parentfield": null,
  "parenttype": null,
  "property": "options",
  "property_type": "Text",
  "row_name": null,
  "value": "\nOutsourcing - Cleaning"
 },
 {
  "default_value": null,
  "doc_type": "Material Request",
  "docstatus": 0,
  "doctype": "Property Setter",
  "doctype_or_field": "DocField",
  "field_name": "material_request_type",
  "modified": "2019-01-04 09:15:05.932767",
  "name": "Material Request-material_request_type-options",
  "parent": null,
  "parentfield": null,
  "parenttype": null,
  "property": "options",
  "property_type": "Text",
  "row_name": null,
  "value": "Material Issue\nPurchase\nMaterial Transfer\nManufacture"
 },
 {
  "default_value": null,
  "doc_type": "Key Set Detail",
  "docstatus": 0,
  "doctype": "Property Setter",
  "doctype_or_field": "DocField",
  "field_name": "taken_by",
  "modified": "2018-12-19 15:55:00.488279",
  "name": "Key Set Detail-taken_by-in_standard_filter",
  "parent": null,
  "parentfield": null,
  "parenttype": null,
  "property": "in_standard_filter",
  "property_type": "Check",
  "row_name": null,
  "value": "1"
 },
 {
  "default_value": null,
  "doc_type": "Key Set Detail",
  "docstatus": 0,
  "doctype": "Property Setter",
  "doctype_or_field": "DocField",
  "field_name": "returned",
  "modified": "2018-12-19 15:55:00.491873",
  "name": "Key Set Detail-returned-in_standard_filter",
  "parent": null,
  "parentfield": null,
  "parenttype": null,
  "property": "in_standard_filter",
  "property_type": "Check",
  "row_name": null,
  "value": "1"
 },
 {
  "default_value": null,
  "doc_type": "Key Set Detail",
  "docstatus": 0,
  "doctype": "Property Setter",
  "doctype_or_field": "DocField",
  "field_name": "key_set",
  "modified": "2018-12-19 15:56:19.843792",
  "name": "Key Set Detail-key_set-in_standard_filter",
  "parent": null,
  "parentfield": null,
  "parenttype": null,
  "property": "in_standard_filter",
  "property_type": "Check",
  "row_name": null,
  "value": "1"
 },
 {
  "default_value": null,
  "doc_type": "Lease",
  "docstatus": 0,
  "doctype": "Property Setter",
  "doctype_or_field": "DocField",
  "field_name": "property_owner",
  "modified": "2019-07-05 18:49:31.131288",
  "name": "Lease-property_owner-in_standard_filter",
  "parent": null,
  "parentfield": null,
  "parenttype": null,
  "property": "in_standard_filter",
  "property_type": "Check",
  "row_name": null,
  "value": "1"
 },
 {
  "default_value": null,
  "doc_type": "Lease",
  "docstatus": 0,
  "doctype": "Property Setter",
  "doctype_or_field": "DocField",
  "field_name": "lease_customer",
  "modified": "2019-07-05 18:49:31.135659",
  "name": "Lease-lease_customer-in_standard_filter",
  "parent": null,
  "parentfield": null,
  "parenttype": null,
  "property": "in_standard_filter",
  "property_type": "Check",
  "row_name": null,
  "value": "1"
 },
 {
  "default_value": null,
  "doc_type": "Lease",
  "docstatus": 0,
  "doctype": "Property Setter",
  "doctype_or_field": "DocField",
  "field_name": "customer",
  "modified": "2019-07-05 18:49:31.140425",
  "name": "Lease-customer-in_standard_filter",
  "parent": null,
  "parentfield": null,
  "parenttype": null,
  "property": "in_standard_filter",
  "property_type": "Check",
  "row_name": null,
  "value": "1"
 },
 {
  "default_value": null,
  "doc_type": "Lease",
  "docstatus": 0,
  "doctype": "Property Setter",
  "doctype_or_field": "DocField",
  "field_name": "property_user",
  "modified": "2019-07-05 18:49:31.144249",
  "name": "Lease-property_user-in_standard_filter",
  "parent": null,
  "parentfield": null,
  "parenttype": null,
  "property": "in_standard_filter",
  "property_type": "Check",
  "row_name": null,
  "value": "1"
 },
 {
  "default_value": null,
  "doc_type": "Lease",
  "docstatus": 0,
  "doctype": "Property Setter",
  "doctype_or_field": "DocField",
  "field_name": "security_status",
  "modified": "2019-07-05 18:49:31.151498",
  "name": "Lease-security_status-in_standard_filter",
  "parent": null,
  "parentfield": null,
  "parenttype": null,
  "property": "in_standard_filter",
  "property_type": "Check",
  "row_name": null,
  "value": "1"
 },
 {
  "default_value": null,
  "doc_type": "Lease",
  "docstatus": 0,
  "doctype": "Property Setter",
  "doctype_or_field": "DocField",
  "field_name": "property",
  "modified": "2019-07-05 18:50:00.736862",
  "name": "Lease-property-in_standard_filter",
  "parent": null,
  "parentfield": null,
  "parenttype": null,
  "property": "in_standard_filter",
  "property_type": "Check",
  "row_name": null,
  "value": "1"
 },
 {
  "default_value": null,
  "doc_type": "Lease",
  "docstatus": 0,
  "doctype": "Property Setter",
  "doctype_or_field": "DocField",
  "field_name": "wtax_paid_by",
  "modified": "2019-07-05 18:54:41.367118",
  "name": "Lease-wtax_paid_by-in_standard_filter",
  "parent": null,
  "parentfield": null,
  "parenttype": null,
  "property": "in_standard_filter",
  "property_type": "Check",
  "row_name": null,
  "value": "1"
 },
 {
  "default_value": null,
  "doc_type": "Lease",
  "docstatus": 0,
  "doctype": "Property Setter",
  "doctype_or_field": "DocField",
  "field_name": "security_status",
  "modified": "2019-07-10 13:36:03.659626",
  "name": "Lease-security_status-options",
  "parent": null,
  "parentfield": null,
  "parenttype": null,
  "property": "options",
  "property_type": "Text",
  "row_name": null,
  "value": "\nProforma Invoice raised\nReceiving in process\nReceived\nReceived in part\nReturn in part\nReturned\nRecovered for rent\nRecovered for repairs\nNot required"
 },
 {
  "default_value": null,
  "doc_type": "Issue",
  "docstatus": 0,
  "doctype": "Property Setter",
  "doctype_or_field": "DocType",
  "field_name": null,
  "modified": "2019-12-05 15:53:35.441427",
  "name": "Issue-quick_entry",
  "parent": null,
  "parentfield": null,
  "parenttype": null,
  "property": "quick_entry",
  "property_type": "Check",
  "row_name": null,
  "value": "0"
 },
 {
  "default_value": null,
  "doc_type": "Journal Entry Account",
  "docstatus": 0,
  "doctype": "Property Setter",
  "doctype_or_field": "DocField",
  "field_name": "cost_center",
  "modified": "2020-03-13 16:19:25.831974",
  "name": "Journal Entry Account-cost_center-columns",
  "parent": null,
  "parentfield": null,
  "parenttype": null,
  "property": "columns",
  "property_type": "Int",
  "row_name": null,
  "value": "1"
 },
 {
  "default_value": null,
  "doc_type": "Issue",
  "docstatus": 0,
  "doctype": "Property Setter",
  "doctype_or_field": "DocField",
  "field_name": "company",
  "modified": "2020-10-13 04:17:10.536770",
  "name": "Issue-company-fetch_from",
  "parent": null,
  "parentfield": null,
  "parenttype": null,
  "property": "fetch_from",
  "property_type": "Small Text",
  "row_name": null,
  "value": "property_name.company"
 }
]