{
 "actions": [],
 "creation": "2018-11-22 07:16:14.803984",
 "doctype": "DocType",
 "editable_grid": 1,
 "engine": "InnoDB",
 "field_order": [
  "item",
  "quantity",
  "uom",
  "rate",
  "amount",
  "is_pos",
  "material_status",
  "material_request"
 ],
 "fields": [
  {
   "columns": 1,
   "fieldname": "material_status",
   "fieldtype": "Select",
   "in_list_view": 1,
   "label": "Status",
   "options": "Requested\nReceived and WIP\nWork Done\nBill\nSelf Consumption"
  },
  {
   "columns": 2,
   "fieldname": "item",
   "fieldtype": "Link",
   "in_list_view": 1,
   "in_standard_filter": 1,
   "label": "Item",
   "options": "Item"
  },
  {
   "columns": 1,
   "default": "1",
   "fieldname": "quantity",
   "fieldtype": "Float",
   "in_list_view": 1,
   "label": "Quantity"
  },
  {
   "columns": 1,
   "fetch_from": "item.standard_rate",
   "fetch_if_empty": 1,
   "fieldname": "rate",
   "fieldtype": "Currency",
   "in_list_view": 1,
   "label": "Rate"
  },
  {
   "columns": 2,
   "fieldname": "amount",
   "fieldtype": "Currency",
   "in_list_view": 1,
   "label": "Amount",
   "read_only": 1
  },
  {
   "columns": 1,
   "fetch_from": "item.stock_uom",
   "fieldname": "uom",
   "fieldtype": "Link",
   "in_list_view": 1,
   "label": "UOM",
   "options": "UOM"
  },
  {
   "columns": 1,
   "default": "0",
   "depends_on": "eval: doc.material_status != \"Self Consumption\"",
   "fieldname": "is_pos",
   "fieldtype": "Check",
   "in_list_view": 1,
   "label": "Is POS"
  },
  {
   "fieldname": "material_request",
   "fieldtype": "Data",
   "label": "Material Request"
  }
 ],
 "index_web_pages_for_search": 1,
 "istable": 1,
 "links": [],
 "modified": "2021-07-03 23:43:04.350234",
 "modified_by": "Administrator",
 "module": "Property Management Solution",
 "name": "Issue Materials Detail",
 "owner": "Administrator",
 "permissions": [],
 "quick_entry": 1,
 "sort_field": "modified",
 "sort_order": "DESC",
 "track_changes": 1
}