{
 "align_labels_right": 1,
 "creation": "2020-09-19 12:34:19.764515",
 "css": ".print-format td, .print-format th \n{\n    vertical-align: top !important;\n   \tpadding: 3px !important;\n\tvertical-align: bottom !important;\n}\n.print-format {\n        padding-left: 10mm;\n        padding-right: 5mm;\n        padding-top: 5mm;\n\tfont-size: 10pt;\t\n}\n\ntd.tight {\n  padding: 0px !important;\n}",
 "custom_format": 0,
 "default_print_language": "en",
 "disabled": 0,
 "doc_type": "Sales Invoice",
 "docstatus": 0,
 "doctype": "Print Format",
 "font": "Default",
 "format_data": "[{\"fieldname\": \"print_heading_template\", \"fieldtype\": \"Custom HTML\", \"options\": \"<table style=\\\"width: 100%;\\\">\\n  <tr>\\n    <td style=\\\"width: 50%;\\\"><p class=\\\"h5 text-left\\\">VRN {{ frappe.db.get_value(\\\"Company\\\", doc.company, \\\"vrn\\\") }}</p></td>\\n    <td style=\\\"width: 50%;\\\"><p class=\\\"h5 text-right\\\">TIN {{ frappe.db.get_value(\\\"Company\\\", doc.company, \\\"tin\\\") }}</p></td>\\n  </td>\\n</table>\\n{% if doc.select_print_heading is not none %}\\n    <p class=\\\"h2 text-center\\\"><b>{{ doc.select_print_heading }}</b></p>\\n{% else %}\\n    <p class=\\\"h2 text-center\\\"><b>TAX INVOICE</b></p>\\n{% endif %}\\n<hr>\"}, {\"fieldtype\": \"Section Break\", \"label\": \"\"}, {\"fieldtype\": \"Column Break\"}, {\"fieldname\": \"_custom_html\", \"print_hide\": 0, \"label\": \"Custom HTML\", \"fieldtype\": \"HTML\", \"options\": \"<div class=\\\"row  data-field\\\" data-fieldname=\\\"area\\\" data-fieldtype=\\\"Link\\\">\\n   <div class=\\\"col-xs-5\\\">\\n      <label>Customer Name:</label>\\n   </div>\\n   <div class=\\\"col-xs-7 value\\\">\\n      <b>{{ doc.customer_name}}</b>\\n   </div>\\n</div>\\n<div class=\\\"row  data-field\\\" data-fieldname=\\\"area\\\" data-fieldtype=\\\"Link\\\">\\n   <div class=\\\"col-xs-5\\\">\\n      <label>Address:</label>\\n   </div>\\n   <div class=\\\"col-xs-7 value\\\">\\n      {{ doc.address_display}}\\n   </div>\\n</div>\\n<div class=\\\"row  data-field\\\" data-fieldname=\\\"area\\\" data-fieldtype=\\\"Link\\\">\\n   <div class=\\\"col-xs-5\\\">\\n      <label>Customer VRN:</label>\\n   </div>\\n   <div class=\\\"col-xs-7 value\\\">\\n      {{ frappe.db.get_value(\\\"Customer\\\", doc.customer, \\\"vrn\\\") }}\\n   </div>\\n</div>\\n<div class=\\\"row  data-field\\\" data-fieldname=\\\"area\\\" data-fieldtype=\\\"Link\\\">\\n   <div class=\\\"col-xs-5\\\">\\n      <label>Customer TIN:</label>\\n   </div>\\n   <div class=\\\"col-xs-7 value\\\">\\n      {{ frappe.db.get_value(\\\"Customer\\\", doc.customer, \\\"tax_id\\\") }}\\n   </div>\\n</div>\\n<div class=\\\"row  data-field\\\" data-fieldname=\\\"area\\\" data-fieldtype=\\\"Link\\\">\\n   <div class=\\\"col-xs-5\\\">\\n      <label>Cost Center:</label>\\n   </div>\\n   <div class=\\\"col-xs-7 value\\\">\\n\\t{{ doc.cost_center}}\\n   </div>\\n</div>\"}, {\"fieldtype\": \"Column Break\"}, {\"fieldname\": \"_custom_html\", \"print_hide\": 0, \"label\": \"Custom HTML\", \"fieldtype\": \"HTML\", \"options\": \"<div class=\\\"row  data-field\\\" data-fieldname=\\\"area\\\" data-fieldtype=\\\"Link\\\">\\n   <div class=\\\"col-xs-5\\\">\\n        {% if (doc.is_return == 0) %}\\n            <label>Tax Invoice No.:</label>\\n        {% else %}\\n            <label>Credit Note No.:</label>\\n        {% endif %}\\n   </div>\\n   <div class=\\\"col-xs-7 value\\\">\\n      <b>{{ doc.name}}</b>\\n   </div>\\n</div>\\n<div class=\\\"row  data-field\\\" data-fieldname=\\\"area\\\" data-fieldtype=\\\"Link\\\">\\n   <div class=\\\"col-xs-5\\\">\\n      <label>Date:</label>\\n   </div>\\n   <div class=\\\"col-xs-7 value\\\">\\n      <b>{{ frappe.utils.formatdate(doc.posting_date, 'dd-MMM-YYYY') }}</b>\\n   </div>\\n</div>\\n{% if (doc.is_return == 0) %}    \\n<div class=\\\"row  data-field\\\" data-fieldname=\\\"area\\\" data-fieldtype=\\\"Link\\\">\\n   <div class=\\\"col-xs-5\\\">            <label>Order No.:</label>        </div>\\n   <div class=\\\"col-xs-7 value\\\">            {{ doc.po_no}}        </div>\\n</div>\\n<div class=\\\"row  data-field\\\" data-fieldname=\\\"area\\\" data-fieldtype=\\\"Link\\\">\\n   <div class=\\\"col-xs-5\\\">            <label>Order Date:</label>        </div>\\n   <div class=\\\"col-xs-7 value\\\">            {{ frappe.utils.formatdate(doc.po_date, 'dd-MMM-YYYY') }}        </div>\\n</div>\\n<div class=\\\"row  data-field\\\" data-fieldname=\\\"area\\\" data-fieldtype=\\\"Link\\\">\\n   <div class=\\\"col-xs-5\\\">            <label>Due Date:</label>        </div>\\n   <div class=\\\"col-xs-7 value\\\">            <b>{{ frappe.utils.formatdate(doc.due_date, 'dd-MMM-YYYY') }}</b>        </div>\\n</div>\\n{% else %}\\n<div class=\\\"row  data-field\\\" data-fieldname=\\\"area\\\" data-fieldtype=\\\"Link\\\">\\n   <div class=\\\"col-xs-5\\\">            <label>Against Tax Invoice:</label>        </div>\\n   <div class=\\\"col-xs-7 value\\\">            {{ doc.return_against}}        </div>\\n</div>\\n{% endif %}\"}, {\"fieldtype\": \"Section Break\", \"label\": \"\"}, {\"fieldtype\": \"Column Break\"}, {\"fieldname\": \"_custom_html\", \"print_hide\": 0, \"label\": \"Custom HTML\", \"fieldtype\": \"HTML\", \"options\": \"<TABLE border=1 style=\\\"width: 100%; border-collapse: collapse; border: 1px solid black;\\\">\\r\\n\\t<colgroup>\\r\\n\\t\\t<col style=\\\"width: 5%\\\">\\r\\n\\t\\t<col style=\\\"width: 35%\\\">\\r\\n\\t\\t<col style=\\\"width: 15%\\\">\\r\\n\\t\\t<col style=\\\"width: 10%\\\">\\r\\n\\t\\t<col style=\\\"width: 17%\\\">\\r\\n\\t\\t<col style=\\\"width: 18%\\\">\\r\\n\\t</colgroup>\\r\\n\\t<THEAD>\\r\\n\\t<TR>\\r\\n\\t\\t<TH style=\\\"text-align:center\\\">SI</TD>\\r\\n\\t\\t<TH style=\\\"text-align:center\\\">Particulars</TD>\\r\\n\\t\\t<TH style=\\\"text-align:center\\\">QTY</TD>\\r\\n\\t\\t<TH style=\\\"text-align:center\\\">VAT</TD>\\r\\n\\t\\t<TH style=\\\"text-align:center\\\">Rate</TD>\\r\\n\\t\\t<TH style=\\\"text-align:center\\\">Amount</TD>\\r\\n\\t</TR>\\r\\n\\t</THEAD>\\r\\n\\t{% for item in doc.items %}\\r\\n\\t\\r\\n\\t<TR>\\r\\n\\t\\t<TD>{{ loop.index }}</TD>\\r\\n\\t\\t<TD>\\r\\n\\t\\t\\t<b>{{ item.item_name }}</b>\\r\\n\\t\\t\\t{% if (item.description != item.item_name) %}\\r\\n\\t\\t\\t\\t<br>{{ item.description }}\\r\\n\\t\\t\\t{% endif %}\\r\\n\\t\\t\\t{% if (item.service_start_date != None) %}\\r\\n\\t\\t\\t    <br>From {{ frappe.utils.formatdate(item.service_start_date, 'dd-MMM-YYYY') }} TO {{ frappe.utils.formatdate(item.service_start_date, 'dd-MMM-YYYY') }}\\r\\n\\t\\t\\t{% endif %}\\r\\n\\t\\t</TD>\\r\\n\\t\\t<TD align=center>\\r\\n\\t\\t    {% if item.qty|int != 0 %} \\r\\n\\t\\t        {{ item.get_formatted(\\\"qty\\\", 0).replace(\\\"-\\\",\\\"\\\") }}\\r\\n            {% else %}\\t\\t        \\r\\n\\t\\t        {{ item.get_formatted(\\\"qty\\\", 2).replace(\\\"-\\\",\\\"\\\") }}\\r\\n\\t\\t    {% endif %}\\r\\n\\t\\t\\t<small>{{ item.get_formatted(\\\"uom\\\", 0) }}</small>\\r\\n\\t\\t</TD>\\r\\n\\t\\t<TD align=center>\\r\\n\\t\\t\\t{% set mydict = json.loads(item.item_tax_rate) %}\\r\\n\\t\\t\\t{% if item.item_tax_rate == \\\"{}\\\" %}\\r\\n\\t\\t\\t\\t{% for row in doc.taxes %}\\r\\n\\t\\t\\t\\t\\t{{ row.get_formatted(\\\"rate\\\",0) }}%\\r\\n\\t\\t\\t\\t{% endfor %}\\r\\n\\t\\t\\t{% else %}\\r\\n\\t\\t\\t\\t{% set ns = namespace(vat=none) %}\\r\\n\\t\\t\\t\\t{% for key, value in mydict.items() %}\\t\\r\\n\\t\\t\\t\\t\\t{% set ns.vat = value %}\\r\\n\\t\\t\\t\\t\\t{% endfor %}\\r\\n\\t\\t\\t\\t{{ ns.vat }}%\\r\\n\\t\\t\\t{% endif %}\\t\\t\\t\\t\\t\\t\\t\\t\\r\\n\\t\\t</TD>\\r\\n\\t\\t<TD align=right>{{ item.get_formatted(\\\"net_rate\\\", doc) }}</TD>\\r\\n\\t\\t<TD align=right>{{ frappe.utils.fmt_money('%0.2f'|format(item.net_amount|float|abs), currency=doc.currency) }}</TD>\\r\\n\\t</TR>\\r\\n\\t{% endfor %}\\r\\n\\t<TR>\\r\\n        <TD rowspan=10 colspan=4 style=\\\"vertical-align: top !important;\\\">\\r\\n            Amount in Words<br>\\r\\n            <B>{{ doc.in_words }}</B><br><br>\\r\\n            <B>\\r\\n               {% if doc.currency != \\\"TZS\\\" %}\\r\\n               {{ doc.base_in_words }}\\r\\n               {% endif %} \\r\\n            </B>\\r\\n        </TD>\\r\\n        <TD align=right><B>SUB. TOTAL</B></TD>\\r\\n\\t\\t<TD align=right><B>{{ frappe.utils.fmt_money('%0.2f'|format(doc.net_total|float|abs), currency=doc.currency) }}</B></TD>\\r\\n\\t</TR>\\r\\n\\t<TR>\\r\\n\\t\\t<TD align=right><B>V.A.T.</B></TD>\\r\\n\\t\\t<TD align=right><B>{{ frappe.utils.fmt_money('%0.2f'|format(doc.total_taxes_and_charges|float|abs), currency=doc.currency) }}</B></TD>\\r\\n\\t\\r\\n\\t</TR>\\r\\n\\t<TR>\\r\\n\\t\\t<TD align=right><B>TOTAL</B></TD>\\r\\n\\t\\t<TD align=right><B>{{ frappe.utils.fmt_money('%0.2f'|format(doc.grand_total|float|abs), currency=doc.currency) }}</B></TD>\\r\\n\\t</TR>\\r\\n\\t<TR>\\r\\n\\t\\t<TD colspan=2 align=right><i><small><strong>E&OE</strong></small></i></TD>\\r\\n\\t</TR>\\r\\n\\t<TR>\\r\\n\\t\\t{% if (doc.is_return == 0) %}\\r\\n\\t\\t\\t<TD align=left><STRONG>Assessable Value:</STRONG></TD>\\r\\n\\t\\t\\t<TD align=right>\\r\\n\\t\\t\\t\\t{% if (doc.base_total_taxes_and_charges == 0) %}\\r\\n\\t\\t\\t\\t\\t{{ frappe.utils.fmt_money(0, currency=\\\"\\\") }}\\r\\n\\t\\t\\t\\t{% else %}\\r\\n\\t\\t\\t\\t\\t{% if (doc.base_net_total != doc.base_total) %}\\r\\n\\t\\t\\t\\t\\t\\t{{ frappe.utils.fmt_money(doc.base_net_total, currency=\\\"\\\") }}\\r\\n\\t\\t\\t\\t\\t{% else %}\\r\\n\\t\\t\\t\\t\\t\\t{{ frappe.utils.fmt_money(doc.base_total_taxes_and_charges / 0.18, currency=\\\"\\\") }}\\r\\n\\t\\t\\t\\t\\t{% endif %}\\r\\n\\t\\t\\t\\t{% endif %}\\r\\n\\t\\t\\t</TD>\\r\\n\\t\\t{% else %}\\r\\n\\t\\t\\t<TD colspan=2>&nbsp;</td>\\r\\n\\t\\t{% endif %}\\r\\n\\t</TR>\\r\\n\\t<TR>\\r\\n\\t\\t{% if (doc.is_return == 0) %}\\r\\n\\t\\t\\t<TD align=left><STRONG>VAT Amount:</STRONG></TD>\\r\\n\\t\\t\\t<TD align=right>{{ frappe.utils.fmt_money(doc.base_total_taxes_and_charges, currency=\\\"\\\") }}</TD>\\r\\n\\t\\t{% endif %}\\r\\n\\t</TR>\\r\\n\\t<TR>\\r\\n\\t\\t{% if (doc.is_return == 0) %}\\r\\n\\t\\t\\t<TD align=left><STRONG>Exempt:</STRONG></TD>\\r\\n\\t\\t\\t<TD align=right>\\r\\n\\t\\t\\t\\t{% if (doc.base_total_taxes_and_charges == 0) %}\\r\\n\\t\\t\\t\\t\\t{{ frappe.utils.fmt_money(doc.base_total, currency=\\\"\\\") }}\\r\\n\\t\\t\\t\\t{% else %}\\r\\n\\t\\t\\t\\t\\t{% if (doc.base_net_total != doc.base_total) %}\\r\\n\\t\\t\\t\\t\\t\\t{{ frappe.utils.fmt_money(doc.base_grand_total - (doc.base_net_total + doc.base_total_taxes_and_charges), currency=\\\"\\\") }}\\r\\n\\t\\t\\t\\t\\t{% else %}\\r\\n\\t\\t\\t\\t\\t\\t{{ frappe.utils.fmt_money(doc.base_grand_total - ((doc.base_total_taxes_and_charges / 0.18) + doc.base_total_taxes_and_charges), currency=\\\"\\\") }}\\r\\n\\t\\t\\t\\t\\t{% endif %}\\r\\n\\t\\t\\t\\t{% endif %}\\r\\n\\t\\t\\t</TD>\\r\\n\\t\\t{% endif %}\\r\\n\\t</TR>\\r\\n\\t<TR>\\r\\n\\t\\t{% if (doc.is_return == 0) %}\\r\\n\\t\\t\\t<TD align=left><STRONG>Special Relief:</STRONG></TD>\\r\\n\\t\\t\\t<TD align=right>&nbsp;</TD>\\r\\n\\t\\t{% endif %}\\r\\n\\t</TR>\\r\\n\\t<TR>\\r\\n\\t\\t{% if (doc.is_return == 0) %}\\r\\n\\t\\t\\t<TD align=left><STRONG>Zero Rated:</STRONG></TD>\\r\\n\\t\\t\\t<TD align=right>&nbsp;</TD>\\r\\n\\t\\t{% endif %}\\r\\n\\t</TR>\\r\\n\\t<TR>\\r\\n\\t\\t{% if (doc.is_return == 0) %}\\r\\n\\t\\t\\t<TD align=left><STRONG>Total:</STRONG></TD>\\r\\n\\t\\t\\t<TD align=right style=\\\"border-top: 2px solid black;\\\">\\r\\n\\t\\t\\t\\t<b>{{ frappe.utils.fmt_money(doc.base_grand_total, currency=\\\"\\\") }}</b>\\r\\n\\t\\t\\t</TD>\\r\\n\\t\\t{% endif %}\\r\\n\\t</TR>\\r\\n</TABLE>\\r\\n<div id=\\\"header-html\\\" class=\\\"hidden-pdf\\\">\\r\\n    <div id=\\\"variables\\\" style=\\\"display:none;\\\">\\r\\n    <span id=\\\"margin-top\\\">1mm</span>\\r\\n    <span id=\\\"margin-left\\\">1mm</span>\\r\\n    <span id=\\\"margin-right\\\">1mm</span>\\r\\n    <span id=\\\"margin-bottom\\\">0mm</span>\\r\\n    </div>   \\r\\n</div>\\r\\n\"}, {\"fieldname\": \"_custom_html\", \"print_hide\": 0, \"label\": \"Custom HTML\", \"fieldtype\": \"HTML\", \"options\": \"<TABLE border=1 style=\\\"width: 100%; width: 100%; border-collapse: collapse; border: 1px solid black;\\\">\\n\\t<colgroup>\\n\\t\\t<col style=\\\"width: 50%\\\">\\n\\t\\t<col style=\\\"width: 50%\\\">\\n\\t</colgroup>\\n\\t<tbody>\\n\\t\\t<tr>\\n\\t\\t\\t{% if (doc.is_return == 0) %}\\n\\t\\t\\t\\t<td style=\\\"vertical-align: middle !important;\\\">\\n\\t\\t\\t\\t    {% if (frappe.db.get_value(\\\"Company\\\", doc.company, \\\"company_bank_details\\\") != None)  %}\\n\\t\\t\\t\\t\\t    {{ frappe.db.get_value(\\\"Company\\\", doc.company, \\\"company_bank_details\\\") }}\\n                    {% endif %}\\t\\t\\t\\t\\t    \\n\\t\\t\\t\\t</td>\\n\\t\\t\\t{% else %}\\n\\t\\t\\t\\t<td style=\\\"vertical-align: top !important;\\\">\\n\\t\\t\\t\\t\\t{{ doc.remarks }}\\n\\t\\t\\t\\t</td>\\n\\t\\t\\t{% endif %}\\n\\t\\t\\t<td>\\n\\t\\t\\t\\t<div style=\\\"position: relative; width: 100%; height: 160px;\\\">\\n\\t\\t\\t\\t\\t<div style=\\\"position: absolute; top: 5px; left: 5px;\\\"><B>for {{ doc.company }}</B></div>\\n\\t\\t\\t\\t\\t<div style=\\\"position: absolute; bottom: 5px; right: 5px;\\\">Authorised Signatory</div>\\n\\t\\t\\t\\t</div>\\n\\t\\t\\t</td>\\n\\t\\t</tr>\\n\\t</tbody>\\n</TABLE>\"}]",
 "html": "<html>",
 "idx": 0,
 "line_breaks": 1,
 "modified": "2020-09-19 13:12:40.054678",
 "modified_by": "Administrator",
 "module": "Property Management Solution",
 "name": "Property Tax Invoice",
 "owner": "Administrator",
 "print_format_builder": 1,
 "print_format_type": "Jinja",
 "raw_printing": 0,
 "show_section_headings": 1,
 "standard": "Yes"
}