{
 "actions": [],
 "autoname": "format:amenity_name-{##}",
 "creation": "2018-11-22 23:17:10.604222",
 "doctype": "DocType",
 "editable_grid": 1,
 "engine": "InnoDB",
 "field_order": [
  "amenity_name"
 ],
 "fields": [
  {
   "fieldname": "amenity_name",
   "fieldtype": "Select",
   "in_global_search": 1,
   "in_list_view": 1,
   "in_standard_filter": 1,
   "label": "Amenity Name",
   "options": "Club house\nElevator\nIn unit laundry\nTennis court\nDoor attendant\nFitness center\nOff-street Parking\nStorage\nWheelchair access\nRooftop patio\nPlayground\nHot tub\nBbq area"
  }
 ],
 "istable": 1,
 "links": [],
 "modified": "2021-09-17 11:45:39.214872",
 "modified_by": "Administrator",
 "module": "Property Management Solution",
 "name": "Property Amenity",
 "owner": "Administrator",
 "permissions": [],
 "quick_entry": 1,
 "sort_field": "modified",
 "sort_order": "DESC",
 "track_changes": 1
}